epoch,steps,cossim_accuracy,cossim_accuracy_threshold,cossim_f1,cossim_precision,cossim_recall,cossim_f1_threshold,cossim_ap,manhattan_accuracy,manhattan_accuracy_threshold,manhattan_f1,manhattan_precision,manhattan_recall,manhattan_f1_threshold,manhattan_ap,euclidean_accuracy,euclidean_accuracy_threshold,euclidean_f1,euclidean_precision,euclidean_recall,euclidean_f1_threshold,euclidean_ap,dot_accuracy,dot_accuracy_threshold,dot_f1,dot_precision,dot_recall,dot_f1_threshold,dot_ap
-1,-1,0.8185507246376812,0.5782185196876526,0.8722538649308381,0.8176964149504196,0.934612031386225,0.5704675316810608,0.9222469009345644,0.8191304347826087,20.10582160949707,0.8729641693811075,0.8189457601222307,0.934612031386225,20.1610107421875,0.9222969684595714,0.8185507246376812,0.9184566736221313,0.8722538649308381,0.8176964149504196,0.934612031386225,0.9268574714660645,0.9222469009345644,0.8185507246376812,0.5782185196876526,0.8722538649308381,0.8176964149504196,0.934612031386225,0.570467472076416,0.9222469009345644
