epoch,steps,cossim_accuracy,cossim_accuracy_threshold,cossim_f1,cossim_precision,cossim_recall,cossim_f1_threshold,cossim_ap,manhattan_accuracy,manhattan_accuracy_threshold,manhattan_f1,manhattan_precision,manhattan_recall,manhattan_f1_threshold,manhattan_ap,euclidean_accuracy,euclidean_accuracy_threshold,euclidean_f1,euclidean_precision,euclidean_recall,euclidean_f1_threshold,euclidean_ap,dot_accuracy,dot_accuracy_threshold,dot_f1,dot_precision,dot_recall,dot_f1_threshold,dot_ap
-1,-1,0.8359420289855073,0.7846087217330933,0.8826446280991735,0.8389630793401414,0.9311246730601569,0.7660122513771057,0.9343650405317123,0.8353623188405798,14.898080825805664,0.8826446280991735,0.8389630793401414,0.9311246730601569,14.898080825805664,0.9343897211033367,0.8359420289855073,0.6563402414321899,0.8826446280991735,0.8389630793401414,0.9311246730601569,0.684087336063385,0.9343650405317123,0.8359420289855073,0.784608781337738,0.8826446280991735,0.8389630793401414,0.9311246730601569,0.7660121917724609,0.9343650405317123
